{
    "setup_data": {
        "stallId": "2a923c180cf5"
    },
    "root_group": {
        "name": "",
        "path": "",
        "id": "d41d8cd98f00b204e9800998ecf8427e",
        "groups": {},
        "checks": {
                "stalls 200": {
                    "name": "stalls 200",
                    "path": "::stalls 200",
                    "id": "d8afa0eee48dde22f44ed1cf9f6faabd",
                    "passes": 5820,
                    "fails": 2345
                },
                "menu 200": {
                    "name": "menu 200",
                    "path": "::menu 200",
                    "id": "2e38770593927be56b3904f3c43b3343",
                    "passes": 5816,
                    "fails": 2349
                },
                "order 201": {
                    "fails": 0,
                    "name": "order 201",
                    "path": "::order 201",
                    "id": "147921ac4c62a52b378e73da3bffea16",
                    "passes": 1629
                }
            }
    },
    "metrics": {
        "http_req_duration{expected_response:true}": {
            "max": 27815.328095,
            "p(90)": 9802.8162506,
            "p(95)": 10692.676540299994,
            "avg": 4378.928459555798,
            "min": 261.211702,
            "med": 3900.377746
        },
        "http_req_tls_handshaking": {
            "max": 0,
            "p(90)": 0,
            "p(95)": 0,
            "avg": 0,
            "min": 0,
            "med": 0
        },
        "http_req_waiting": {
            "avg": 3294.989638644729,
            "min": 249.092179,
            "med": 400.61538,
            "max": 27794.0671,
            "p(90)": 9292.999243,
            "p(95)": 10256.751548
        },
        "http_reqs": {
            "rate": 33.116674367955376,
            "count": 17961
        },
        "vus_max": {
            "min": 200,
            "max": 200,
            "value": 200
        },
        "iterations": {
            "count": 8165,
            "rate": 15.054709994674887
        },
        "http_req_duration{kind:browse}": {
            "max": 27815.328095,
            "p(90)": 9516.922352900001,
            "p(95)": 10401.13623195,
            "avg": 3650.0034975323256,
            "min": 249.27119,
            "med": 692.1762200000001,
            "thresholds": {
                "p(95)<800": true
            }
        },
        "vus": {
            "min": 0,
            "max": 200,
            "value": 1
        },
        "http_req_duration{kind:order}": {
            "avg": 273.717561872928,
            "min": 262.655392,
            "med": 269.663109,
            "max": 416.618855,
            "p(90)": 281.3412316,
            "p(95)": 300.193245,
            "thresholds": {
                "p(95)<800": false
            }
        },
        "checks": {
            "fails": 4694,
            "passes": 13265,
            "value": 0.7386268723202851
        },
        "http_req_duration": {
            "med": 403.688086,
            "max": 27815.328095,
            "p(90)": 9403.395206,
            "p(95)": 10290.509955,
            "avg": 3343.418414991915,
            "min": 249.27119
        },
        "http_req_failed": {
            "passes": 4694,
            "fails": 13267,
            "thresholds": {
                "rate<0.01": true
            },
            "value": 0.2613440231612939
        },
        "http_req_connecting": {
            "max": 263.782005,
            "p(90)": 0,
            "p(95)": 0,
            "avg": 2.871055728856968,
            "min": 0,
            "med": 0
        },
        "iteration_duration": {
            "med": 2906.495987,
            "max": 33596.513136,
            "p(90)": 19803.9563044,
            "p(95)": 21265.9592918,
            "avg": 8362.632027745887,
            "min": 1502.584711
        },
        "http_req_blocked": {
            "avg": 2.898547430209881,
            "min": 0.001,
            "med": 0.010701,
            "max": 412.770315,
            "p(90)": 0.015301,
            "p(95)": 0.017001
        },
        "http_req_sending": {
            "p(95)": 0.067205,
            "avg": 0.039423674015923664,
            "min": 0.0036,
            "med": 0.034203,
            "max": 3.927653,
            "p(90)": 0.055804
        },
        "data_sent": {
            "rate": 4500.176406092226,
            "count": 2440694
        },
        "data_received": {
            "count": 7443789,
            "rate": 13724.933821990322
        },
        "http_req_receiving": {
            "med": 0.501734,
            "max": 1393.955128,
            "p(90)": 186.670222,
            "p(95)": 220.431255,
            "avg": 48.389352673180895,
            "min": 0.016601
        }
    }
}