{
    "metrics": {
        "http_req_tls_handshaking": {
            "p(95)": 0,
            "avg": 0,
            "min": 0,
            "med": 0,
            "max": 0,
            "p(90)": 0
        },
        "http_req_receiving": {
            "avg": 42.441141563034094,
            "min": 0.0189,
            "med": 0.5231300000000001,
            "max": 1203.133979,
            "p(90)": 110.38793150000001,
            "p(95)": 208.54947570000004
        },
        "http_req_duration{kind:browse}": {
            "med": 542.304313,
            "max": 15369.094436,
            "p(90)": 8105.2563246,
            "p(95)": 9057.19042535,
            "avg": 2692.426842447901,
            "min": 261.680627,
            "thresholds": {
                "p(95)<800": true
            }
        },
        "http_req_blocked": {
            "max": 1301.007601,
            "p(90)": 0.013401,
            "p(95)": 0.015001,
            "avg": 2.576682242552461,
            "min": 0.0009,
            "med": 0.009301
        },
        "iteration_duration": {
            "p(95)": 18485.27741325,
            "avg": 6453.706080903178,
            "min": 1527.054984,
            "med": 3720.342793,
            "max": 27615.256316,
            "p(90)": 15466.499995999999
        },
        "data_received": {
            "rate": 15497.959222258818,
            "count": 8410408
        },
        "http_req_waiting": {
            "avg": 2430.4398523372915,
            "min": 261.571921,
            "med": 395.421557,
            "max": 15280.415751,
            "p(90)": 7842.887713000003,
            "p(95)": 8874.0083348
        },
        "vus": {
            "value": 1,
            "min": 0,
            "max": 200
        },
        "checks": {
            "passes": 23138,
            "fails": 22,
            "value": 0.9990500863557858
        },
        "vus_max": {
            "min": 200,
            "max": 200,
            "value": 200
        },
        "http_req_duration{kind:order}": {
            "avg": 305.31835968937895,
            "min": 264.611875,
            "med": 302.602266,
            "max": 1142.942835,
            "p(90)": 323.8012313,
            "p(95)": 341.74734334999994,
            "thresholds": {
                "p(95)<800": false
            }
        },
        "http_req_failed": {
            "passes": 22,
            "fails": 23140,
            "thresholds": {
                "rate<0.01": false
            },
            "value": 0.0009498316207581383
        },
        "http_req_duration{expected_response:true}": {
            "avg": 2474.792863958223,
            "min": 261.680627,
            "med": 400.5674385,
            "max": 15369.094436,
            "p(90)": 7931.489017100001,
            "p(95)": 8962.75784405
        },
        "iterations": {
            "count": 10516,
            "rate": 19.37795873651715
        },
        "http_req_duration": {
            "min": 261.680627,
            "med": 401.0343825,
            "max": 15369.094436,
            "p(90)": 7930.026524100003,
            "p(95)": 8957.087312250002,
            "avg": 2472.9145187973095
        },
        "http_reqs": {
            "count": 23162,
            "rate": 42.680893900267236
        },
        "http_req_sending": {
            "avg": 0.033524896986443405,
            "min": 0.0032,
            "med": 0.031702,
            "max": 2.098859,
            "p(90)": 0.049103,
            "p(95)": 0.056204
        },
        "data_sent": {
            "count": 3105239,
            "rate": 5722.060974612379
        },
        "http_req_connecting": {
            "avg": 2.5622910822467837,
            "min": 0,
            "med": 0,
            "max": 1300.942698,
            "p(90)": 0,
            "p(95)": 0
        }
    },
    "setup_data": {
        "stallId": "0d88b9d123dc"
    },
    "root_group": {
        "path": "",
        "id": "d41d8cd98f00b204e9800998ecf8427e",
        "groups": {},
        "checks": {
                "stalls 200": {
                    "fails": 13,
                    "name": "stalls 200",
                    "path": "::stalls 200",
                    "id": "d8afa0eee48dde22f44ed1cf9f6faabd",
                    "passes": 10503
                },
                "menu 200": {
                    "id": "2e38770593927be56b3904f3c43b3343",
                    "passes": 10507,
                    "fails": 9,
                    "name": "menu 200",
                    "path": "::menu 200"
                },
                "order 201": {
                    "passes": 2128,
                    "fails": 0,
                    "name": "order 201",
                    "path": "::order 201",
                    "id": "147921ac4c62a52b378e73da3bffea16"
                }
            },
        "name": ""
    }
}